 	Statistic Measure	Naive Bayes	Random Forest	SVM
 	Accuracy	0.71624999999999994	0.69124999999999992	0.70125000000000004
