 	Statistic Measure	Naive Bayes	Random Forest	SVM
 	Accuracy	0.71375	0.70499999999999996	0.70125000000000004
