 	Statistic Measure	Naive Bayes	Random Forest	SVM
 	Accuracy	0.71250000000000002	0.70499999999999996	0.70125000000000004
