 	Statistic Measure	Naive Bayes	Random Forest	SVM
 	Accuracy	0.6712499999999999	0.62250000000000005	0.64000000000000001
